run_id,owner,git_commit,dataset_split,model,revision,method,label_quality,chunk_recall_at_100,doc_recall_at_100,latency_seconds_mean,peak_ram_bytes,peak_vram_bytes,output_path
p1_bm25_val,Mai Ngọc Duy,34d6aaec39b8edbfbf5bdebb8ec331c2a597837c,val,BM25,5617a9f61b028005a4858fdac845db406aefb181,bm25,weak_adjacent_span,0.5714285714285714,0.8571428571428571,0.011849419285811433,,,/home/duyhg/cocopila/cocopila_2.0/outputs/p1_bm25_val
p1_bm25_unicode_val,Mai Ngọc Duy,34d6aaec39b8edbfbf5bdebb8ec331c2a597837c,val,BM25,5617a9f61b028005a4858fdac845db406aefb181,bm25,weak_adjacent_span,1.0,1.0,0.02707513914291277,,,/home/duyhg/cocopila/cocopila_2.0/outputs/p1_bm25_unicode_val
p1_bge_m3_val,Mai Ngọc Duy,34d6aaec39b8edbfbf5bdebb8ec331c2a597837c,val,BAAI/bge-m3,5617a9f61b028005a4858fdac845db406aefb181,bm25,weak_adjacent_span,1.0,1.0,0.03587341042839398,3254333440,2282575872,/home/duyhg/cocopila/cocopila_2.0/outputs/p1_bge_m3_val
p1_bge_m3_val,Mai Ngọc Duy,34d6aaec39b8edbfbf5bdebb8ec331c2a597837c,val,BAAI/bge-m3,5617a9f61b028005a4858fdac845db406aefb181,dense,weak_adjacent_span,1.0,1.0,0.1167173090000558,3254333440,2282575872,/home/duyhg/cocopila/cocopila_2.0/outputs/p1_bge_m3_val
p1_bge_m3_val,Mai Ngọc Duy,34d6aaec39b8edbfbf5bdebb8ec331c2a597837c,val,BAAI/bge-m3,5617a9f61b028005a4858fdac845db406aefb181,union,weak_adjacent_span,1.0,1.0,0.15348854328554548,3254333440,2282575872,/home/duyhg/cocopila/cocopila_2.0/outputs/p1_bge_m3_val
p1_bge_m3_val,Mai Ngọc Duy,34d6aaec39b8edbfbf5bdebb8ec331c2a597837c,val,BAAI/bge-m3,5617a9f61b028005a4858fdac845db406aefb181,rrf_k20,weak_adjacent_span,1.0,1.0,0.15431177785714162,3254333440,2282575872,/home/duyhg/cocopila/cocopila_2.0/outputs/p1_bge_m3_val
p1_bge_m3_val,Mai Ngọc Duy,34d6aaec39b8edbfbf5bdebb8ec331c2a597837c,val,BAAI/bge-m3,5617a9f61b028005a4858fdac845db406aefb181,rrf_k60,weak_adjacent_span,1.0,1.0,0.15422544328573298,3254333440,2282575872,/home/duyhg/cocopila/cocopila_2.0/outputs/p1_bge_m3_val
p1_bge_m3_val,Mai Ngọc Duy,34d6aaec39b8edbfbf5bdebb8ec331c2a597837c,val,BAAI/bge-m3,5617a9f61b028005a4858fdac845db406aefb181,rrf_k100,weak_adjacent_span,1.0,1.0,0.15396308342834736,3254333440,2282575872,/home/duyhg/cocopila/cocopila_2.0/outputs/p1_bge_m3_val
p1_bm25_val_v2,Mai Ngọc Duy,34d6aaec39b8edbfbf5bdebb8ec331c2a597837c,val,BM25,5617a9f61b028005a4858fdac845db406aefb181,bm25,weak_adjacent_span,1.0,1.0,0.026907620571364532,90247168,,/home/duyhg/cocopila/cocopila_2.0/outputs/p1_bm25_val_v2
p1_bge_m3_val_v2,Mai Ngọc Duy,34d6aaec39b8edbfbf5bdebb8ec331c2a597837c,val,BAAI/bge-m3,5617a9f61b028005a4858fdac845db406aefb181,bm25,weak_adjacent_span,1.0,1.0,0.024907749142715017,2227048448,1146934272,/home/duyhg/cocopila/cocopila_2.0/outputs/p1_bge_m3_val_v2
p1_bge_m3_val_v2,Mai Ngọc Duy,34d6aaec39b8edbfbf5bdebb8ec331c2a597837c,val,BAAI/bge-m3,5617a9f61b028005a4858fdac845db406aefb181,dense,weak_adjacent_span,1.0,1.0,0.06215742385731054,2227048448,1146934272,/home/duyhg/cocopila/cocopila_2.0/outputs/p1_bge_m3_val_v2
p1_bge_m3_val_v2,Mai Ngọc Duy,34d6aaec39b8edbfbf5bdebb8ec331c2a597837c,val,BAAI/bge-m3,5617a9f61b028005a4858fdac845db406aefb181,union,weak_adjacent_span,1.0,1.0,0.0877944222858267,2227048448,1146934272,/home/duyhg/cocopila/cocopila_2.0/outputs/p1_bge_m3_val_v2
p1_bge_m3_val_v2,Mai Ngọc Duy,34d6aaec39b8edbfbf5bdebb8ec331c2a597837c,val,BAAI/bge-m3,5617a9f61b028005a4858fdac845db406aefb181,rrf_k20,weak_adjacent_span,1.0,1.0,0.08927084328583337,2227048448,1146934272,/home/duyhg/cocopila/cocopila_2.0/outputs/p1_bge_m3_val_v2
p1_bge_m3_val_v2,Mai Ngọc Duy,34d6aaec39b8edbfbf5bdebb8ec331c2a597837c,val,BAAI/bge-m3,5617a9f61b028005a4858fdac845db406aefb181,rrf_k60,weak_adjacent_span,1.0,1.0,0.08840014985707967,2227048448,1146934272,/home/duyhg/cocopila/cocopila_2.0/outputs/p1_bge_m3_val_v2
p1_bge_m3_val_v2,Mai Ngọc Duy,34d6aaec39b8edbfbf5bdebb8ec331c2a597837c,val,BAAI/bge-m3,5617a9f61b028005a4858fdac845db406aefb181,rrf_k100,weak_adjacent_span,1.0,1.0,0.08959368457129001,2227048448,1146934272,/home/duyhg/cocopila/cocopila_2.0/outputs/p1_bge_m3_val_v2
p1_bm25_fourlang,Mai Ngọc Duy,34d6aaec39b8edbfbf5bdebb8ec331c2a597837c,val,BM25,5617a9f61b028005a4858fdac845db406aefb181,bm25,weak_adjacent_span,1.0,1.0,0.022305613857237665,90718208,,/home/duyhg/cocopila/cocopila_2.0/outputs/p1_bm25_fourlang
p1_bge_m3_fourlang,Mai Ngọc Duy,34d6aaec39b8edbfbf5bdebb8ec331c2a597837c,val,BAAI/bge-m3,5617a9f61b028005a4858fdac845db406aefb181,bm25,weak_adjacent_span,1.0,1.0,0.02270908185710141,2712182784,1148954624,/home/duyhg/cocopila/cocopila_2.0/outputs/p1_bge_m3_fourlang
p1_bge_m3_fourlang,Mai Ngọc Duy,34d6aaec39b8edbfbf5bdebb8ec331c2a597837c,val,BAAI/bge-m3,5617a9f61b028005a4858fdac845db406aefb181,dense,weak_adjacent_span,1.0,1.0,0.06943437242859675,2712182784,1148954624,/home/duyhg/cocopila/cocopila_2.0/outputs/p1_bge_m3_fourlang
p1_bge_m3_fourlang,Mai Ngọc Duy,34d6aaec39b8edbfbf5bdebb8ec331c2a597837c,val,BAAI/bge-m3,5617a9f61b028005a4858fdac845db406aefb181,union,weak_adjacent_span,1.0,1.0,0.09312289428583297,2712182784,1148954624,/home/duyhg/cocopila/cocopila_2.0/outputs/p1_bge_m3_fourlang
p1_bge_m3_fourlang,Mai Ngọc Duy,34d6aaec39b8edbfbf5bdebb8ec331c2a597837c,val,BAAI/bge-m3,5617a9f61b028005a4858fdac845db406aefb181,rrf_k20,weak_adjacent_span,1.0,1.0,0.09369011114306756,2712182784,1148954624,/home/duyhg/cocopila/cocopila_2.0/outputs/p1_bge_m3_fourlang
p1_bge_m3_fourlang,Mai Ngọc Duy,34d6aaec39b8edbfbf5bdebb8ec331c2a597837c,val,BAAI/bge-m3,5617a9f61b028005a4858fdac845db406aefb181,rrf_k60,weak_adjacent_span,1.0,1.0,0.09347886914292758,2712182784,1148954624,/home/duyhg/cocopila/cocopila_2.0/outputs/p1_bge_m3_fourlang
p1_bge_m3_fourlang,Mai Ngọc Duy,34d6aaec39b8edbfbf5bdebb8ec331c2a597837c,val,BAAI/bge-m3,5617a9f61b028005a4858fdac845db406aefb181,rrf_k100,weak_adjacent_span,1.0,1.0,0.09348590814274108,2712182784,1148954624,/home/duyhg/cocopila/cocopila_2.0/outputs/p1_bge_m3_fourlang
p1_e5_fourlang,Mai Ngọc Duy,34d6aaec39b8edbfbf5bdebb8ec331c2a597837c,val,intfloat/multilingual-e5-large,3d7cfbdacd47fdda877c5cd8a79fbcc4f2a574f3,bm25,weak_adjacent_span,1.0,1.0,0.023900425571420265,2830024704,1133461504,/home/duyhg/cocopila/cocopila_2.0/outputs/p1_e5_fourlang
p1_e5_fourlang,Mai Ngọc Duy,34d6aaec39b8edbfbf5bdebb8ec331c2a597837c,val,intfloat/multilingual-e5-large,3d7cfbdacd47fdda877c5cd8a79fbcc4f2a574f3,dense,weak_adjacent_span,1.0,1.0,0.09167585185709218,2830024704,1133461504,/home/duyhg/cocopila/cocopila_2.0/outputs/p1_e5_fourlang
p1_e5_fourlang,Mai Ngọc Duy,34d6aaec39b8edbfbf5bdebb8ec331c2a597837c,val,intfloat/multilingual-e5-large,3d7cfbdacd47fdda877c5cd8a79fbcc4f2a574f3,union,weak_adjacent_span,1.0,1.0,0.11662413542840763,2830024704,1133461504,/home/duyhg/cocopila/cocopila_2.0/outputs/p1_e5_fourlang
p1_e5_fourlang,Mai Ngọc Duy,34d6aaec39b8edbfbf5bdebb8ec331c2a597837c,val,intfloat/multilingual-e5-large,3d7cfbdacd47fdda877c5cd8a79fbcc4f2a574f3,rrf_k20,weak_adjacent_span,1.0,1.0,0.11724408328570592,2830024704,1133461504,/home/duyhg/cocopila/cocopila_2.0/outputs/p1_e5_fourlang
p1_e5_fourlang,Mai Ngọc Duy,34d6aaec39b8edbfbf5bdebb8ec331c2a597837c,val,intfloat/multilingual-e5-large,3d7cfbdacd47fdda877c5cd8a79fbcc4f2a574f3,rrf_k60,weak_adjacent_span,1.0,1.0,0.11702325428606335,2830024704,1133461504,/home/duyhg/cocopila/cocopila_2.0/outputs/p1_e5_fourlang
p1_e5_fourlang,Mai Ngọc Duy,34d6aaec39b8edbfbf5bdebb8ec331c2a597837c,val,intfloat/multilingual-e5-large,3d7cfbdacd47fdda877c5cd8a79fbcc4f2a574f3,rrf_k100,weak_adjacent_span,1.0,1.0,0.11681982800005894,2830024704,1133461504,/home/duyhg/cocopila/cocopila_2.0/outputs/p1_e5_fourlang
p1_bge_dot_fourlang,Mai Ngọc Duy,34d6aaec39b8edbfbf5bdebb8ec331c2a597837c,val,BAAI/bge-m3,5617a9f61b028005a4858fdac845db406aefb181,bm25,weak_adjacent_span,1.0,1.0,0.024408500714084118,2842337280,1148954624,/home/duyhg/cocopila/cocopila_2.0/outputs/p1_bge_dot_fourlang
p1_bge_dot_fourlang,Mai Ngọc Duy,34d6aaec39b8edbfbf5bdebb8ec331c2a597837c,val,BAAI/bge-m3,5617a9f61b028005a4858fdac845db406aefb181,dense,weak_adjacent_span,1.0,1.0,0.07367467857121872,2842337280,1148954624,/home/duyhg/cocopila/cocopila_2.0/outputs/p1_bge_dot_fourlang
p1_bge_dot_fourlang,Mai Ngọc Duy,34d6aaec39b8edbfbf5bdebb8ec331c2a597837c,val,BAAI/bge-m3,5617a9f61b028005a4858fdac845db406aefb181,union,weak_adjacent_span,1.0,1.0,0.09911495414235105,2842337280,1148954624,/home/duyhg/cocopila/cocopila_2.0/outputs/p1_bge_dot_fourlang
p1_bge_dot_fourlang,Mai Ngọc Duy,34d6aaec39b8edbfbf5bdebb8ec331c2a597837c,val,BAAI/bge-m3,5617a9f61b028005a4858fdac845db406aefb181,rrf_k20,weak_adjacent_span,1.0,1.0,0.09980970414237943,2842337280,1148954624,/home/duyhg/cocopila/cocopila_2.0/outputs/p1_bge_dot_fourlang
p1_bge_dot_fourlang,Mai Ngọc Duy,34d6aaec39b8edbfbf5bdebb8ec331c2a597837c,val,BAAI/bge-m3,5617a9f61b028005a4858fdac845db406aefb181,rrf_k60,weak_adjacent_span,1.0,1.0,0.0994850025713926,2842337280,1148954624,/home/duyhg/cocopila/cocopila_2.0/outputs/p1_bge_dot_fourlang
p1_bge_dot_fourlang,Mai Ngọc Duy,34d6aaec39b8edbfbf5bdebb8ec331c2a597837c,val,BAAI/bge-m3,5617a9f61b028005a4858fdac845db406aefb181,rrf_k100,weak_adjacent_span,1.0,1.0,0.09940762271409247,2842337280,1148954624,/home/duyhg/cocopila/cocopila_2.0/outputs/p1_bge_dot_fourlang
