Tích,ID,Phụ trách,Giai đoạn,Module,Đầu việc,Chi tiết thực hiện,Deliverable,Tiêu chí hoàn thành,Ưu tiên,Phụ thuộc,Trạng thái,Ghi chú
☐,P1-01,Mai Ngọc Duy,Trước 01/10,Data adapter,Chuẩn hóa schema prototype,"Định nghĩa cấu trúc Query, Document, Chunk; map anchor→query, positive→chunk, meta.title/article_id→doc; giữ mapping ngược về ID nguồn.",Module data_adapter + schema JSON thống nhất,Có thể load 1 batch và xuất đúng query_id/doc_id/chunk_id; không trùng ID,P0,—,Chưa làm,
☐,P1-02,Mai Ngọc Duy,Trước 01/10,Data preparation,Deduplicate dữ liệu prototype,Gom các row có cùng anchor/positive; loại duplicate chunk; gom nhiều negative cho cùng query.,Dataset sạch + báo cáo số lượng trước/sau dedup,Không còn duplicate query-positive gây leakage; thống kê được số query/doc/chunk,P0,P1-01,Chưa làm,
☐,P1-03,Mai Ngọc Duy,Trước 01/10,Evaluation split,Split theo document/title,"Chia train/val/test theo meta.title hoặc article_id, tuyệt đối không random theo row.",File split + seed cố định,Một document chỉ xuất hiện trong đúng 1 split; tái lập được bằng seed,P0,P1-02,Chưa làm,
☐,P1-04,Mai Ngọc Duy,Trước 01/10,Indexing,Dựng corpus chunk-level,"Tạo index chính thức cho từng chunk: chunk_id, parent doc_id, title, text, metadata.",chunk_corpus.jsonl / parquet,100% chunk có parent doc hợp lệ; tra ngược chunk→doc được,P0,P1-01,Chưa làm,
☐,P1-05,Mai Ngọc Duy,Trước 01/10,BM25,Baseline BM25 chunk retrieval,Index chunk corpus bằng BM25; hỗ trợ top-k cấu hình; cache kết quả retrieval.,BM25Retriever + benchmark,Chạy được toàn val; xuất Top-K kèm score và ID chính xác,P0,P1-04,Chưa làm,
☐,P1-06,Mai Ngọc Duy,Trước 01/10,Dense retrieval,Baseline dense bằng BGE-M3,"Encode query/chunk, tạo vector index, thử cosine/dot-product theo model recommendation.",DenseRetriever(BGE-M3) + index,Chạy được toàn val; Recall@K được ghi vào experiment log,P0,P1-04,Chưa làm,
☐,P1-07,Mai Ngọc Duy,Trước 01/10,Dense retrieval,So sánh multilingual-e5,"Dùng cùng split/corpus, benchmark multilingual-e5 với cùng K và cùng metric.",Bảng so sánh BGE-M3 vs E5,"Có Recall@20/50/100, latency, RAM/VRAM; chọn baseline rõ ràng",P1,P1-06,Chưa làm,
☐,P1-08,Mai Ngọc Duy,Trước 01/10,Hybrid retrieval,Union BM25 + Dense,"Lấy top-k từ BM25 và dense, union theo chunk_id; giữ score/rank nguồn.",CandidatePool v1,Không duplicate chunk; có provenance bm25_rank/dense_rank,P0,"P1-05,P1-06",Chưa làm,
☐,P1-09,Mai Ngọc Duy,Trước 01/10,Fusion,RRF fusion,Cài Reciprocal Rank Fusion cho BM25+dense; thử RRF k vài giá trị hợp lý.,Fusion module + top-K fused candidates,Candidate Recall không giảm đáng kể so với union; ranking ổn định,P1,P1-08,Chưa làm,
☐,P1-10,Mai Ngọc Duy,Trước 01/10,Metrics,Candidate Recall harness,Tính Recall@20/50/100/200 ở chunk-level và doc-level trước rerank.,Script evaluate_retrieval.py,Có báo cáo theo query và aggregate; xác định query bị miss hoàn toàn,P0,"P1-05,P1-06",Chưa làm,
☐,P1-11,Mai Ngọc Duy,Trước 01/10,Interface,Chuẩn hóa output cho Người 2,"Mỗi candidate gồm query_id, chunk_id, doc_id, text, rank nguồn, score nguồn, fused_score.",candidates.jsonl schema cố định,Người 2 đọc trực tiếp không cần xử lý lại ID/text,P0,P1-09,Chưa làm,
☐,P1-12,Mai Ngọc Duy,Ngày 01/10,Data audit,Phân tích dataset chính thức,"Thống kê số query/doc/chunk, độ dài text, số chunk/doc, language, duplicate, missing, mapping chunk→doc.",data_audit.md + bảng thống kê,Phát hiện được bất thường dữ liệu và chốt schema adapter trong ngày,P0,—,Chưa làm,
☐,P1-13,Mai Ngọc Duy,Sau 01/10,Official indexing,Dựng index theo ID BTC,Xây BM25 và dense index trên đúng doc/chunk chính thức; mọi kết quả phải map được về ID BTC.,official BM25+dense indexes,100% candidate trả về ID hợp lệ; không dùng ID chunk tự tạo khi submit,P0,P1-12,Chưa làm,
☐,P1-14,Mai Ngọc Duy,Sau 01/10,Top-K tuning,Tune K cho từng retriever,"Sweep K_BM25, K_dense và K_fusion; đo Candidate Recall và latency.",Bảng ablation K,Chọn K tại điểm recall tốt nhưng chi phí rerank chấp nhận được,P0,P1-13,Chưa làm,
☐,P1-15,Mai Ngọc Duy,Sau 01/10,Query expansion,Thử query expansion,Sinh synonym/medical alias/multilingual variants; retrieve riêng rồi union/fusion.,QueryExpansionRetriever,Chỉ giữ nếu Candidate Recall/F2 tăng ổn định trên CV,P2,P1-14,Chưa làm,
☐,P1-16,Mai Ngọc Duy,Sau 01/10,Graph integration,Nhận GraphRetriever từ Quế,Chuẩn hóa output GraphRetriever vào candidate schema và thêm vào RRF/fusion.,Hybrid BM25+Dense+Graph,Có ablation có/không graph và Candidate Recall tương ứng,P1,"P3-12,P1-14",Chưa làm,
☐,P1-17,Mai Ngọc Duy,Tối ưu,Error analysis,Phân tích retrieval miss,"Phân loại miss: exact term, synonym, multilingual, long query, rare entity, chunk boundary, graph relation.",retrieval_error_analysis.csv,Top nhóm lỗi có tần suất và hướng xử lý cụ thể,P1,P1-14,Chưa làm,
☐,P2-01,Mạc Duy,Trước 01/10,Reranking,Dựng BGE reranker baseline,Nhận candidates từ Người 1; score từng cặp query-chunk bằng BGE reranker v2 m3.,Reranker inference module,Xuất score cho toàn bộ candidates; giữ nguyên query/chunk/doc ID,P0,P1-11,Chưa làm,
☐,P2-02,Mạc Duy,Trước 01/10,Metrics,Evaluation F2 chunk-level,"Tính precision, recall, F1, F2 theo query và macro aggregate cho relevant_chunks.",evaluate_f2.py,Khớp công thức F2; có unit test trên ví dụ nhỏ tính tay,P0,—,Chưa làm,
☐,P2-03,Mạc Duy,Trước 01/10,Threshold,Sweep threshold reranker,Quét threshold trên validation; lưu P/R/F2 và số chunk output/query.,threshold_sweep.csv,"Xác định được vùng threshold plateau, không chỉ 1 điểm tốt nhất",P0,"P2-01,P2-02",Chưa làm,
☐,P2-04,Mạc Duy,Trước 01/10,Fallback,Thử minimum fallback Top-N,"Nếu số chunk qua threshold < N_min, lấy Top-N theo reranker score; sweep N_min.",Fallback selector,Có ablation threshold-only vs fallback; F2 không giảm trên CV,P0,P2-03,Chưa làm,
☐,P2-05,Mạc Duy,Trước 01/10,Output cap,Thử max-N,Giới hạn số chunk output/query để tránh precision sụt khi quá nhiều candidate qua threshold.,Max-output selector,Có sweep max-N và phân tích tác động Precision/Recall/F2,P1,P2-03,Chưa làm,
☐,P2-06,Mạc Duy,Trước 01/10,Training data,Tạo pair positive/negative,Từ anchor-positive-negative tạo cặp query/chunk có label; ưu tiên giữ metadata và split đúng.,reranker_train.jsonl,Không leakage giữa train/val; tỷ lệ pos/neg được báo cáo,P0,P1-03,Chưa làm,
☐,P2-07,Mạc Duy,Trước 01/10,Hard negatives,Mine hard negatives,Dùng BM25/dense top results sai label làm hard negative; loại false negative nghi ngờ.,hard_negatives.jsonl,Hard negative có similarity cao hơn random negative và không chứa ground-truth positive,P1,"P1-08,P2-06",Chưa làm,
☐,P2-08,Mạc Duy,Trước 01/10,Fine-tuning,Fine-tune reranker,"Fine-tune cross-encoder/reranker trên positive + hard negatives; lưu config, checkpoint, seed.",Reranker checkpoint v1,F2/Recall trên validation ≥ baseline hoặc có lý do loại bỏ,P1,P2-07,Chưa làm,
☐,P2-09,Mạc Duy,Trước 01/10,CV,Cross-validation threshold,Tune threshold/fallback qua nhiều fold hoặc bootstrap query; tránh overfit một validation split.,CV threshold report,Chọn threshold ổn định; báo mean/std F2,P1,P2-03,Chưa làm,
☐,P2-10,Mạc Duy,Sau 01/10,Metric replication,Mô phỏng metric BTC,Đọc định nghĩa metric chính thức; xác định cách combine doc/chunk score nếu BTC có; viết evaluator giống BTC nhất có thể.,official_metric_local.py,Chạy được submission JSON và trả score local; unit test các edge case,P0,P1-12,Chưa làm,
☐,P2-11,Mạc Duy,Sau 01/10,Reranker benchmark,Benchmark reranker trên data thật,So sánh off-the-shelf BGE với fine-tuned; thử batch size/max length hợp lý.,reranker_benchmark.csv,"Có F2_chunk, latency/query, VRAM và lựa chọn model",P0,"P2-10,P1-13",Chưa làm,
☐,P2-12,Mạc Duy,Sau 01/10,F2 tuning,Joint sweep selector,"Tune threshold_chunk, fallback_chunk, max_chunk và candidate_K; tối ưu trực tiếp F2_chunk.",best_chunk_selector.yaml,Cấu hình tái lập được; score xác nhận lại trên holdout,P0,"P2-11,P1-14",Chưa làm,
☐,P2-13,Mạc Duy,Sau 01/10,Score calibration,Thử calibration nếu cần,"Nếu raw score phân phối khác mạnh giữa query, thử Platt/isotonic hoặc query-relative threshold.",Calibration ablation,Chỉ giữ nếu CV F2 tăng ổn định; tránh thêm complexity không cần thiết,P2,P2-12,Chưa làm,
☐,P2-14,Mạc Duy,Tối ưu,False negative analysis,Phân tích FN sau rerank,Tách FN do candidate miss và FN do reranker/threshold; gửi candidate-miss lại Người 1.,fn_analysis.csv,Mỗi FN có nguyên nhân; loop cải tiến giữa P1/P2 được ghi nhận,P1,P2-12,Chưa làm,
☐,P2-15,Mạc Duy,Tối ưu,Inference optimization,Tối ưu batch reranking,"Batch inference, truncate hợp lý, cache query, mixed precision nếu an toàn.",rerank pipeline tối ưu,Không đổi prediction so với bản chuẩn; latency giảm hoặc throughput tăng rõ,P2,P2-12,Chưa làm,
☐,P3-01,Quế,Trước 01/10,Hierarchy,Dựng mapping chunk→doc,Tạo parent mapping ổn định từ prototype; validate mỗi chunk có đúng một doc.,chunk_to_doc mapping,Không chunk mồ côi; không một chunk thuộc nhiều doc,P0,P1-01,Chưa làm,
☐,P3-02,Quế,Trước 01/10,Doc aggregation,Baseline max-chunk aggregation,Tính doc score = max chunk reranker score theo parent doc.,DocAggregator(max),Từ scored chunks sinh đúng danh sách doc score; deterministic,P0,"P2-01,P3-01",Chưa làm,
☐,P3-03,Quế,Trước 01/10,Doc aggregation,Thử Top-K mean,"So sánh max, mean(top2), mean(top3), weighted max+mean.",doc_aggregation_ablation.csv,Có F2_doc cho từng phương pháp; chọn baseline,P1,P3-02,Chưa làm,
☐,P3-04,Quế,Trước 01/10,Doc selector,Tune threshold/fallback doc,"Tune threshold_doc, fallback_doc, max_doc độc lập với chunk selector.",best_doc_selector.yaml,Tối ưu F2_doc; không dùng chung threshold chunk một cách mặc định,P0,P3-02,Chưa làm,
☐,P3-05,Quế,Trước 01/10,Consistency,Kiểm tra consistency doc/chunk,Báo các trường hợp chunk được chọn nhưng parent doc không được chọn và ngược lại; chưa hard-code nếu chưa biết label rule.,consistency_report.csv,Mọi inconsistency được định lượng; có policy cấu hình được,P1,P3-04,Chưa làm,
☐,P3-06,Quế,Trước 01/10,Submission,Tạo submission generator,"Sinh JSON đúng schema BTC: id, relevant_docs, relevant_chunks; sort/dedup ID; đủ toàn bộ query.",make_submission.py,JSON pass validator; không thiếu query/trường; ID không lặp,P0,P3-04,Chưa làm,
☐,P3-07,Quế,Trước 01/10,Submission,Tạo validator + ZIP,"Kiểm tra ID tồn tại, duplicate, thiếu query, thiếu field; ZIP chỉ chứa đúng 1 JSON ở root.",validate_submission.py + zip_submission.py,Có test invalid case; file ZIP đạt toàn bộ rule BTC,P0,P3-06,Chưa làm,
☐,P3-08,Quế,Trước 01/10,Graph schema,Thiết kế medical graph schema,"Node tối thiểu: Document, Chunk, Disease, Drug, Symptom, Treatment; edge: HAS_CHUNK, MENTIONS, TREATS/HAS_SYMPTOM khi đủ bằng chứng.",graph_schema.md,Schema rõ node/edge/property/provenance; không tạo relation chỉ vì co-occurrence,P1,—,Chưa làm,
☐,P3-09,Quế,Trước 01/10,Entity extraction,Prototype medical NER/extraction,"Extract disease/drug/symptom/treatment từ chunk; lưu surface, type, canonical candidate, confidence.",entities.jsonl,Có sample audit thủ công; giữ provenance chunk_id,P1,P3-08,Chưa làm,
☐,P3-10,Quế,Trước 01/10,Normalization,Entity normalization,Gom alias Việt/Anh và biến thể viết tắt về canonical entity; ưu tiên dictionary/ontology khi có.,normalized_entities.jsonl,Giảm node duplicate; giữ alias gốc và canonical name,P1,P3-09,Chưa làm,
☐,P3-11,Quế,Trước 01/10,Graph indexing,Build graph prototype,Nạp Document-Chunk-Entity và provenance; hỗ trợ query entity→chunk/doc.,Graph store + query API,Từ entity truy ra được candidate chunk/doc và evidence,P1,P3-10,Chưa làm,
☐,P3-12,Quế,Sau 01/10,Graph retrieval,GraphRetriever,"Parse entity từ query, normalize, retrieve chunk/doc qua node/edge; trả candidate theo schema Người 1.",GraphRetriever API,Output tương thích P1-11; có Recall@K độc lập và ablation,P1,"P3-11,P1-12",Chưa làm,
☐,P3-13,Quế,Ngày 01/10,Label audit,Kiểm tra quan hệ ground-truth doc/chunk,Đo xem relevant_chunk có luôn suy ra parent relevant_doc không; và doc relevant có bắt buộc có labeled chunk không.,label_hierarchy_report.md,Chốt được có/không dùng hierarchical constraint,P0,P1-12,Chưa làm,
☐,P3-14,Quế,Sau 01/10,Official aggregation,Doc aggregation trên data thật,Re-tune max/top-k/direct-doc fusion nếu có doc retriever; tune F2_doc.,best_doc_pipeline.yaml,Có holdout score và ablation rõ ràng,P0,"P3-13,P2-11",Chưa làm,
☐,P3-15,Quế,Sau 01/10,Official submission,Generate official JSON/ZIP,Sinh file cho toàn test; validate ID; bảo đảm đúng 1 JSON trong ZIP.,submission_<run_id>.zip,Pass validator 100%; lưu config/commit tương ứng,P0,"P3-07,P2-12,P3-14",Chưa làm,
☐,P3-16,Quế,Leaderboard,Submission log,Ghi mọi lần submit,"Lưu run_id, git commit, config, model, local score, public/private score, ghi chú; đặc biệt private chỉ 5 lượt.",submission_log.xlsx/csv,Mỗi submission truy ngược được toàn bộ cấu hình; không submit mù,P0,P3-15,Chưa làm,
☐,P3-17,Quế,Cuối cuộc thi,Working notes,Chuẩn bị working notes paper,"Tổng hợp architecture, data prep, ablation, metric, kết quả, error analysis và contribution của từng thành viên.",working_notes_outline.md + figures/tables,Đủ thông tin để viết paper theo yêu cầu BTC; số liệu khớp experiment log,P1,"P1-17,P2-14,P3-16",Chưa làm,
☐,S-01,Cả nhóm,Trước 01/10,Engineering,Chốt repository + config convention,Thống nhất thư mục data/src/configs/outputs; mọi run dùng YAML/JSON config; seed và model version phải lưu.,README + repo structure,Một người khác clone repo có thể chạy baseline theo hướng dẫn,P0,—,Chưa làm,
☐,S-02,Cả nhóm,Trước 01/10,Experiment tracking,Quy ước Run ID,"Mỗi experiment có run_id duy nhất, owner, git commit, config, metrics, artifacts.",Experiment log chuẩn,Không còn file kiểu final_v2_new_best; mọi kết quả truy vết được,P0,S-01,Chưa làm,
☐,S-03,Cả nhóm,Ngày 01/10,Data review,Họp audit data 60–90 phút,P1 trình bày data audit; P2 metric/label; P3 hierarchy/submission constraints; chốt baseline đầu tiên.,Biên bản quyết định kỹ thuật,"Chốt schema, split, metric local, ID mapping và kế hoạch 48h đầu",P0,"P1-12,P2-10,P3-13",Chưa làm,
☐,S-04,Cả nhóm,Tối ưu,Ablation review định kỳ,"Chỉ merge thay đổi nếu có số liệu; review candidate recall, F2_chunk, F2_doc, latency.",Bảng ablation cập nhật,Mọi module mới có baseline so sánh và quyết định keep/drop,P1,S-02,Chưa làm,,
☐,S-05,Cả nhóm,Private phase,Chọn 5 private submissions,Chọn các cấu hình khác biệt có căn cứ CV/holdout; không dùng private để dò threshold.,Danh sách 5 run ưu tiên,Mỗi run có rationale và diversity; được cả nhóm duyệt trước submit,P0,"P3-16,S-04",Chưa làm,,